<?xml version="1.0" encoding="utf-8"?>
<ProjectSettings xmlns:xsi="http://www.w3.org/2001/XMLSchema-instance" xmlns:xsd="http://www.w3.org/2001/XMLSchema" Grid="false" Separator="true">
  <Apps>
    <App>
      <Name>WG</Name>
      <SystemApp>true</SystemApp>
      <Index>3</Index>
      <Assembly>TpsViewWeldGuide.dll</Assembly>
      <Type>TpsViewWeldGuide.TpsViewWeldGuide</Type>
      <Image>tpu-operator32.png</Image>
      <AlertSignal />
      <ErrorSignal />
      <InData />
    </App>
   </Apps>
  <Widgets>
  </Widgets>
  <WidgetPages>
    <Page>Page 1</Page>
    <Page>Page 2</Page>
    <Page>Page 3</Page>
  </WidgetPages>
</ProjectSettings>