﻿<?xml version="1.0" encoding="utf-8"?>
<!--Comments: Settings for the FlexPendant.-->
<FP>
  <USER name="">
    <DATA id="ViewInAuto">
      <PROP name="text" value="PARAM_TXT_VIEWINAUTO" />
      <PROP name="dll" value="TpsViewProductionWnd.dll" />
      <PROP name="type" value="ABB.Robotics.Tps.Production.TpsViewProductionWnd" />
    </DATA>
    <DATA id="IO View">
      <PROP name="Configurations file" value="/hd0a/1200_Gan/INTERNAL/FPConfigurations.xml" />
      <PROP name="Signal view layout" value="Default" />
    </DATA>
    <DATA id="GoToPosition ROB_2">
      <PROP name="FilterScope" value="All" />
      <PROP name="FilterString" value="" />
    </DATA>
    <DATA id="UASViewLevel">
      <PROP name="text" value="PARAM_TXT_UASVIEWLEVEL" />
      <PROP name="level" value="Msg" />
      <PROP name="type" value="" />
    </DATA>
    <DATA id="DefaultPath">
      <PROP name="BackupRestore" value="" />
      <PROP name="RapidModules" value="" />
      <PROP name="Configuration" value="" />
    </DATA>
    <DATA id="QuickSet">
      <PROP name="IncrementToggle" value="User" />
      <PROP name="MechUnitPanelList" value=" ROB_1, ROB_2, GantryRob, ELM_X" />
    </DATA>
    <DATA id="Programmable Key_4">
      <PROP name="type" value="None" />
      <PROP name="allowInAuto" value="No" />
      <PROP name="pressed" value="" />
      <PROP name="target" value="" />
    </DATA>
    <DATA id="Programmable Key_2">
      <PROP name="type" value="Output" />
      <PROP name="allowInAuto" value="No" />
      <PROP name="pressed" value="PressRelease" />
      <PROP name="target" value="soAwManFeedRev" />
    </DATA>
    <DATA id="GoToPosition ROB_1">
      <PROP name="FilterScope" value="All" />
      <PROP name="FilterString" value="" />
    </DATA>
    <DATA id="ChangeInstruction">
      <PROP name="Last Assignment DataType" value="jointtarget" />
    </DATA>
    <DATA id="Program Editor">
      <PROP name="HideDeclarations" value="False" />
      <PROP name="ShowOnlyServiceRoutines" value="False" />
      <PROP name="ModulePath" value="ctrl:/hd0a/1200-526406/HOME/" />
    </DATA>
    <DATA id="ViewInManual">
      <PROP name="text" value="PARAM_TXT_VIEWINMANUAL" />
      <PROP name="dll" value="" />
      <PROP name="type" value="" />
    </DATA>
    <DATA id="UserSettings">
      <PROP name="RapidEditorFontIndex" value="5" />
      <PROP name="LoadFileFilterIndex" value="1" />
    </DATA>
    <DATA id="Show">
      <PROP name="default" value="CtrlName" />
    </DATA>
    <DATA id="Backup Restore">
      <PROP name="LastPath" value="/USB/Samsung_Ins/1107/FINAL/" />
    </DATA>
    <DATA id="CtrlPnl Configuration">
      <PROP name="LASTPATH" value="/hd0a/1200-526406/HOME/" />
    </DATA>
    <DATA id="ShowConfig">
      <PROP name="filter" value="" />
      <PROP name="device" value="" />
    </DATA>
    <DATA id="ABB.Robotics.Tps.FileExplorer.TpsViewFileExplorer">
      <PROP name="LASTPATH" value="/hd0a/BACKUP/Old/" />
    </DATA>
    <DATA id="AdditionalTestView">
      <PROP name="TestView" value="ABB.Robotics.Processes.Gap.TpsViewGapUI,ABB.Robotics.Processes.LTC.LTCStartView,ABB.Robotics.ProductionScreen.ProductionScreen" />
    </DATA>
    <DATA id="IO Filter">
      <PROP name="IOFilterLimit" value="500" />
      <PROP name="IO Name filter" value="" />
      <PROP name="IOUnit Name Filter" value="" />
      <PROP name="IOBus Name Filter" value="" />
      <PROP name="IO Category filter" value="" />
      <PROP name="IOFilterValue" value="100" />
      <PROP name="Digital Input Filter" value="" />
      <PROP name="Digital Output Filter" value="" />
      <PROP name="Analog Input Filter" value="" />
      <PROP name="Analog Output Filter" value="" />
      <PROP name="Group Input Filter" value="" />
      <PROP name="Group Output Filter" value="" />
      <PROP name="Most Common Filter" value="" />
      <PROP name="Safety Signal Filter" value="" />
      <PROP name="Alias IO Filter" value="" />
      <PROP name="Simulated IO FIlter" value="" />
    </DATA>
    <DATA id="Programmable Key_3">
      <PROP name="type" value="None" />
      <PROP name="allowInAuto" value="No" />
      <PROP name="pressed" value="" />
      <PROP name="target" value="" />
    </DATA>
    <DATA id="ABB.Robotics.Tps.Controls.TpsCtrlEventLog">
      <PROP name="LASTPATH" value="ctrl:/hd0a/1200-526406/HOME/log/" />
    </DATA>
    <DATA id="Programmable Key_1">
      <PROP name="type" value="Output" />
      <PROP name="allowInAuto" value="No" />
      <PROP name="pressed" value="PressRelease" />
      <PROP name="target" value="soAwManFeedFwd" />
    </DATA>
    <DATA id="Calibration view">
      <PROP name="Load Motor Calib path" value="" />
    </DATA>
    <DATA id="ViewInManFull">
      <PROP name="text" value="PARAM_TXT_VIEWINMANFULL" />
      <PROP name="dll" value="" />
      <PROP name="type" value="" />
    </DATA>
  </USER>
</FP>