<?xml version='1.0' encoding='UTF-8'?>
<system creation-date="2025-12-17 18:38:05.666000" desc="" enable="False" id="74921F02-D275-4536-B893-86AABE4B1F89" last-modified-date="" name="SpGantry_1200_526406"><applications><application name="RobotWare" version="6.16.1028"><settings><system-xml path="C:\Users\user\Documents\RobotStudio\Projects\SP_Gatry20251127\Virtual Controllers\SpGantry_1200_526406\system.xml" /><key-id path="C:\Users\user\Documents\RobotStudio\Projects\SP_Gatry20251127\Virtual Controllers\SpGantry_1200_526406\INTERNAL\key.id" /><setting-file path="C:\Users\user\Documents\RobotStudio\Projects\SP_Gatry20251127\Virtual Controllers\SpGantry_1200_526406\INTERNAL\controller.rsf" /></settings></application><application name="LincolnArcLink-XT" version="1.06.5.0"><settings><system-xml path="C:\Users\user\Documents\RobotStudio\Projects\SP_Gatry20251127\Virtual Controllers\SpGantry_1200_526406\system.xml" /><key-id path="C:\Users\user\Documents\RobotStudio\Projects\SP_Gatry20251127\Virtual Controllers\SpGantry_1200_526406\INTERNAL\key.id" /><setting-file path="C:\Users\user\Documents\RobotStudio\Projects\SP_Gatry20251127\Virtual Controllers\SpGantry_1200_526406\INTERNAL\controller.rsf" /></settings></application></applications></system>