<?xml version="1.0" encoding="iso-8859-1"?>
<Version>
  <Major>6</Major>
  <Minor>16</Minor>
  <Build>1028</Build>
  <Revision>01</Revision>
  <SubRevision>00</SubRevision>
  <BuildTag></BuildTag>
  <VersionName>6.16.01.00</VersionName>
  <RobAPICompatibilityRevision>0</RobAPICompatibilityRevision>
  <Title>RobotWare</Title>
  <Type>RobotWare</Type>
  <Description>Controller Software</Description>
  <Date>2025-06-18</Date>
  <MCTimeStamp>#09:46:05/Jun 18 2025#</MCTimeStamp>
</Version>